,mp3path
0,/project/graziul/data/Zone1/2018_08_12/201808120932-28710-27730.mp3
17,/project/graziul/data/Zone1/2018_08_12/201808120304-366043-27730.mp3
99,/project/graziul/data/Zone1/2018_08_12/201808120902-41159-27730.mp3
103,/project/graziul/data/Zone1/2018_08_12/201808120234-654163-27730.mp3
179,/project/graziul/data/Zone1/2018_08_12/201808120135-851247-27730.mp3
275,/project/graziul/data/Zone1/2018_08_12/201808120832-732332-27730.mp3
323,/project/graziul/data/Zone1/2018_08_12/201808120205-953882-27730.mp3
418,/project/graziul/data/Zone1/2018_08_12/201808120105-889671-27730.mp3
528,/project/graziul/data/Zone1/2018_08_12/201808121102-659166-27730.mp3
641,/project/graziul/data/Zone1/2018_08_12/201808121032-648578-27730.mp3
654,/project/graziul/data/Zone1/2018_08_12/201808122328-661856-27730.mp3
738,/project/graziul/data/Zone1/2018_08_12/201808122258-422515-27730.mp3
810,/project/graziul/data/Zone1/2018_08_12/201808122158-773247-27730.mp3
962,/project/graziul/data/Zone1/2018_08_12/201808122128-198809-27730.mp3
1192,/project/graziul/data/Zone1/2018_08_12/201808122228-562542-27730.mp3
1376,/project/graziul/data/Zone1/2018_08_12/201808121630-876020-27730.mp3
1495,/project/graziul/data/Zone1/2018_08_12/201808121729-506899-27730.mp3
1616,/project/graziul/data/Zone1/2018_08_12/201808121700-289658-27730.mp3
1729,/project/graziul/data/Zone1/2018_08_11/201808111508-661302-27730.mp3
1754,/project/graziul/data/Zone1/2018_08_11/201808111608-178189-27730.mp3
1819,/project/graziul/data/Zone1/2018_08_11/201808111638-648911-27730.mp3
1900,/project/graziul/data/Zone1/2018_08_11/201808111708-685990-27730.mp3
1967,/project/graziul/data/Zone1/2018_08_11/201808111538-917671-27730.mp3
2024,/project/graziul/data/Zone1/2018_08_13/201808130655-287091-27730.mp3
2078,/project/graziul/data/Zone1/2018_08_13/201808130526-573489-27730.mp3
2095,/project/graziul/data/Zone1/2018_08_13/201808130625-757891-27730.mp3
2156,/project/graziul/data/Zone1/2018_08_13/201808130456-924453-27730.mp3
2178,/project/graziul/data/Zone1/2018_08_12/201808122029-650748-27730.mp3
2314,/project/graziul/data/Zone1/2018_08_12/201808122058-33020-27730.mp3
2451,/project/graziul/data/Zone1/2018_08_13/201808130555-157742-27730.mp3
2559,/project/graziul/data/Zone1/2018_08_13/201808130924-30969-27730.mp3
2578,/project/graziul/data/Zone1/2018_08_13/201808130725-631742-27730.mp3
2691,/project/graziul/data/Zone1/2018_08_13/201808130755-832378-27730.mp3
2869,/project/graziul/data/Zone1/2018_08_13/201808130825-776116-27730.mp3
2884,/project/graziul/data/Zone1/2018_08_13/201808130854-145935-27730.mp3
2933,/project/graziul/data/Zone1/2018_08_12/201808120703-852547-27730.mp3
2965,/project/graziul/data/Zone1/2018_08_12/201808120603-647711-27730.mp3
3005,/project/graziul/data/Zone1/2018_08_12/201808120633-901759-27730.mp3
3017,/project/graziul/data/Zone1/2018_08_12/201808120803-891554-27730.mp3
3120,/project/graziul/data/Zone1/2018_08_12/201808120733-369191-27730.mp3
3156,/project/graziul/data/Zone1/2018_08_13/201808130326-456446-27730.mp3
3212,/project/graziul/data/Zone1/2018_08_13/201808130227-425169-27730.mp3
3285,/project/graziul/data/Zone1/2018_08_13/201808130356-218466-27730.mp3
3315,/project/graziul/data/Zone1/2018_08_13/201808130256-334516-27730.mp3
3383,/project/graziul/data/Zone1/2018_08_13/201808130426-318395-27730.mp3
3425,/project/graziul/data/Zone1/2018_08_10/201808100151-536595-27730.mp3
3471,/project/graziul/data/Zone1/2018_08_10/201808100021-669974-27730.mp3
3526,/project/graziul/data/Zone1/2018_08_10/201808100121-608175-27730.mp3
3680,/project/graziul/data/Zone1/2018_08_10/201808100051-862340-27730.mp3
3940,/project/graziul/data/Zone1/2018_08_11/201808112236-743532-27730.mp3
4034,/project/graziul/data/Zone1/2018_08_11/201808112306-56206-27730.mp3
4144,/project/graziul/data/Zone1/2018_08_12/201808120035-587214-27730.mp3
4306,/project/graziul/data/Zone1/2018_08_12/201808120005-475816-27730.mp3
4486,/project/graziul/data/Zone1/2018_08_05/201808050359-300564-27730.mp3
4538,/project/graziul/data/Zone1/2018_08_05/201808050529-298280-27730.mp3
4794,/project/graziul/data/Zone1/2018_08_12/201808121401-396777-27730.mp3
4943,/project/graziul/data/Zone1/2018_08_05/201808050429-961171-27730.mp3
4972,/project/graziul/data/Zone1/2018_08_05/201808050330-822967-27730.mp3
5141,/project/graziul/data/Zone1/2018_08_05/201808050031-739899-27730.mp3
5324,/project/graziul/data/Zone1/2018_08_05/201808051924-233271-27730.mp3
5364,/project/graziul/data/Zone1/2018_08_12/201808121530-403955-27730.mp3
5424,/project/graziul/data/Zone1/2018_08_05/201808050459-276291-27730.mp3
5511,/project/graziul/data/Zone1/2018_08_05/201808050130-950381-27730.mp3
5774,/project/graziul/data/Zone1/2018_08_05/201808051426-869540-27730.mp3
5828,/project/graziul/data/Zone1/2018_08_05/201808050001-100238-27730.mp3
6273,/project/graziul/data/Zone1/2018_08_12/201808121430-885595-27730.mp3
6369,/project/graziul/data/Zone1/2018_08_05/201808051227-338223-27730.mp3
6475,/project/graziul/data/Zone1/2018_08_12/201808121600-852986-27730.mp3
6591,/project/graziul/data/Zone1/2018_08_12/201808121500-665201-27730.mp3
6652,/project/graziul/data/Zone1/2018_08_05/201808050100-298054-27730.mp3
6769,/project/graziul/data/Zone1/2018_08_05/201808050828-792675-27730.mp3
6905,/project/graziul/data/Zone1/2018_08_13/201808130127-741490-27730.mp3
7185,/project/graziul/data/Zone1/2018_08_13/201808130027-673307-27730.mp3
7262,/project/graziul/data/Zone1/2018_08_13/201808130157-112246-27730.mp3
7386,/project/graziul/data/Zone1/2018_08_13/201808130057-745305-27730.mp3
7881,/project/graziul/data/Zone1/2018_08_12/201808121829-305744-27730.mp3
8005,/project/graziul/data/Zone1/2018_08_12/201808120404-252508-27730.mp3
8073,/project/graziul/data/Zone1/2018_08_12/201808121759-818443-27730.mp3
8190,/project/graziul/data/Zone1/2018_08_12/201808120533-329786-27730.mp3
8210,/project/graziul/data/Zone1/2018_08_11/201808112036-478354-27730.mp3
8281,/project/graziul/data/Zone1/2018_08_12/201808120434-891122-27730.mp3
8358,/project/graziul/data/Zone1/2018_08_12/201808120334-879379-27730.mp3
8755,/project/graziul/data/Zone1/2018_08_11/201808112106-478027-27730.mp3
8978,/project/graziul/data/Zone1/2018_08_11/201808112136-791648-27730.mp3
9261,/project/graziul/data/Zone1/2018_08_11/201808112007-612624-27730.mp3
9599,/project/graziul/data/Zone1/2018_08_12/201808120504-981165-27730.mp3
9681,/project/graziul/data/Zone1/2018_08_11/201808112206-325535-27730.mp3
9836,/project/graziul/data/Zone1/2018_08_11/201808111907-423587-27730.mp3
10121,/project/graziul/data/Zone1/2018_08_11/201808111937-459173-27730.mp3
10275,/project/graziul/data/Zone1/2018_08_11/201808111837-315775-27730.mp3
11072,/project/graziul/data/Zone1/2018_08_11/201808111807-883152-27730.mp3
11416,/project/graziul/data/Zone1/2018_08_11/201808111737-609665-27730.mp3
11532,/project/graziul/data/Zone1/2018_08_12/201808121859-216864-27730.mp3
11786,/project/graziul/data/Zone1/2018_08_12/201808121301-922847-27730.mp3
11874,/project/graziul/data/Zone1/2018_08_12/201808121331-741795-27730.mp3
11938,/project/graziul/data/Zone1/2018_08_12/201808121959-996485-27730.mp3
12366,/project/graziul/data/Zone1/2018_08_12/201808121131-178650-27730.mp3
12444,/project/graziul/data/Zone1/2018_08_12/201808121231-470585-27730.mp3
12568,/project/graziul/data/Zone1/2018_08_12/201808121929-395820-27730.mp3
12665,/project/graziul/data/Zone1/2018_08_12/201808121201-299397-27730.mp3
14020,/project/graziul/data/Zone1/2018_08_05/201808050928-317943-27730.mp3
14087,/project/graziul/data/Zone1/2018_08_05/201808051456-67992-27730.mp3
14235,/project/graziul/data/Zone1/2018_08_05/201808051725-26262-27730.mp3
14622,/project/graziul/data/Zone1/2018_08_05/201808050758-615610-27730.mp3
14839,/project/graziul/data/Zone1/2018_08_05/201808050230-338958-27730.mp3
14938,/project/graziul/data/Zone1/2018_08_05/201808051157-71874-27730.mp3
15165,/project/graziul/data/Zone1/2018_08_05/201808050200-579833-27730.mp3
15255,/project/graziul/data/Zone1/2018_08_05/201808050300-734083-27730.mp3
15309,/project/graziul/data/Zone1/2018_08_05/201808050658-982393-27730.mp3
15584,/project/graziul/data/Zone1/2018_08_05/201808051356-924241-27730.mp3
15659,/project/graziul/data/Zone1/2018_08_05/201808050559-512509-27730.mp3
16090,/project/graziul/data/Zone1/2018_08_05/201808050629-588384-27730.mp3
16424,/project/graziul/data/Zone1/2018_08_05/201808051555-100351-27730.mp3
16774,/project/graziul/data/Zone1/2018_08_05/201808051854-744667-27730.mp3
16839,/project/graziul/data/Zone1/2018_08_05/201808052054-124683-27730.mp3
17733,/project/graziul/data/Zone1/2018_08_05/201808052323-991884-27730.mp3
18962,/project/graziul/data/Zone4/2018_08_10/201808100759-72415-26296.mp3
19107,/project/graziul/data/Zone4/2018_08_10/201808101726-325608-26296.mp3
19384,/project/graziul/data/Zone4/2018_08_10/201808100829-190454-26296.mp3
19588,/project/graziul/data/Zone4/2018_08_10/201808100729-643715-26296.mp3
19829,/project/graziul/data/Zone4/2018_08_10/201808101756-174204-26296.mp3
19995,/project/graziul/data/Zone4/2018_08_10/201808101855-799879-26296.mp3
20136,/project/graziul/data/Zone4/2018_08_10/201808100859-179195-26296.mp3
20408,/project/graziul/data/Zone4/2018_08_10/201808100659-956367-26296.mp3
20515,/project/graziul/data/Zone4/2018_08_10/201808101656-104005-26296.mp3
20754,/project/graziul/data/Zone4/2018_08_10/201808101825-999402-26296.mp3
21017,/project/graziul/data/Zone4/2018_08_10/201808100300-456014-26296.mp3
21199,/project/graziul/data/Zone4/2018_08_11/201808110322-66148-26296.mp3
21312,/project/graziul/data/Zone4/2018_08_10/201808100201-307688-26296.mp3
21564,/project/graziul/data/Zone4/2018_08_10/201808100330-109122-26296.mp3
21639,/project/graziul/data/Zone4/2018_08_11/201808110352-116394-26296.mp3
21837,/project/graziul/data/Zone4/2018_08_11/201808110223-804185-26296.mp3
22025,/project/graziul/data/Zone4/2018_08_11/201808110023-518721-26296.mp3
22184,/project/graziul/data/Zone4/2018_08_10/201808100400-756911-26296.mp3
22339,/project/graziul/data/Zone4/2018_08_11/201808110053-807063-26296.mp3
22957,/project/graziul/data/Zone4/2018_08_10/201808100231-406609-26296.mp3
23091,/project/graziul/data/Zone4/2018_08_11/201808110452-623962-26296.mp3
23690,/project/graziul/data/Zone4/2018_08_11/201808110253-161076-26296.mp3
23828,/project/graziul/data/Zone4/2018_08_11/201808110123-880909-26296.mp3
23942,/project/graziul/data/Zone4/2018_08_11/201808110422-235521-26296.mp3
24015,/project/graziul/data/Zone4/2018_08_11/201808110153-832068-26296.mp3
24567,/project/graziul/data/Zone4/2018_08_10/201808101028-67528-26296.mp3
24824,/project/graziul/data/Zone4/2018_08_10/201808102124-347825-26296.mp3
24953,/project/graziul/data/Zone4/2018_08_10/201808101925-62302-26296.mp3
25130,/project/graziul/data/Zone4/2018_08_10/201808101955-415523-26296.mp3
25374,/project/graziul/data/Zone4/2018_08_10/201808102025-544061-26296.mp3
25572,/project/graziul/data/Zone4/2018_08_10/201808101128-78055-26296.mp3
25720,/project/graziul/data/Zone4/2018_08_10/201808100958-833870-26296.mp3
25989,/project/graziul/data/Zone4/2018_08_10/201808102055-546914-26296.mp3
26174,/project/graziul/data/Zone4/2018_08_10/201808101058-599277-26296.mp3
26370,/project/graziul/data/Zone4/2018_08_10/201808100928-196855-26296.mp3
26597,/project/graziul/data/Zone4/2018_08_10/201808100031-282936-26296.mp3
28614,/project/graziul/data/Zone4/2018_08_10/201808100001-985905-26296.mp3
30992,/project/graziul/data/Zone4/2018_08_10/201808100101-48172-26296.mp3
31499,/project/graziul/data/Zone4/2018_08_10/201808100131-686352-26296.mp3
31644,/project/graziul/data/Zone4/2018_08_10/201808101526-379583-26296.mp3
32190,/project/graziul/data/Zone4/2018_08_10/201808101556-581603-26296.mp3
32439,/project/graziul/data/Zone4/2018_08_10/201808100600-503369-26296.mp3
32486,/project/graziul/data/Zone4/2018_08_10/201808101357-74188-26296.mp3
32694,/project/graziul/data/Zone4/2018_08_10/201808101227-553095-26296.mp3
32876,/project/graziul/data/Zone4/2018_08_10/201808100430-731508-26296.mp3
33066,/project/graziul/data/Zone4/2018_08_10/201808101158-162036-26296.mp3
33256,/project/graziul/data/Zone4/2018_08_10/201808101257-523626-26296.mp3
33440,/project/graziul/data/Zone4/2018_08_10/201808101457-453734-26296.mp3
33729,/project/graziul/data/Zone4/2018_08_10/201808101427-458020-26296.mp3
34029,/project/graziul/data/Zone4/2018_08_10/201808101327-460883-26296.mp3
34178,/project/graziul/data/Zone4/2018_08_10/201808100629-146135-26296.mp3
34220,/project/graziul/data/Zone4/2018_08_10/201808101626-574033-26296.mp3
34411,/project/graziul/data/Zone4/2018_08_10/201808100500-897797-26296.mp3
34481,/project/graziul/data/Zone4/2018_08_10/201808100530-490421-26296.mp3
36470,/project/graziul/data/Zone8/2018_08_10/201808100404-696965-27158.mp3
36485,/project/graziul/data/Zone8/2018_08_10/201808101002-723724-27158.mp3
36625,/project/graziul/data/Zone8/2018_08_10/201808100205-936015-27158.mp3
36972,/project/graziul/data/Zone8/2018_08_10/201808101102-932251-27158.mp3
37266,/project/graziul/data/Zone8/2018_08_10/201808100633-50058-27158.mp3
37422,/project/graziul/data/Zone8/2018_08_10/201808100334-764462-27158.mp3
37513,/project/graziul/data/Zone8/2018_08_10/201808100305-606428-27158.mp3
37615,/project/graziul/data/Zone8/2018_08_10/201808100534-941703-27158.mp3
37664,/project/graziul/data/Zone8/2018_08_10/201808100604-692405-27158.mp3
37689,/project/graziul/data/Zone8/2018_08_10/201808101132-852196-27158.mp3
38073,/project/graziul/data/Zone8/2018_08_10/201808100235-943094-27158.mp3
38232,/project/graziul/data/Zone8/2018_08_10/201808101032-781791-27158.mp3
38616,/project/graziul/data/Zone8/2018_08_10/201808100932-407300-27158.mp3
39004,/project/graziul/data/Zone8/2018_08_10/201808100434-616279-27158.mp3
39183,/project/graziul/data/Zone8/2018_08_10/201808100504-279813-27158.mp3
39287,/project/graziul/data/Zone8/2018_08_10/201808101231-353866-27158.mp3
39540,/project/graziul/data/Zone8/2018_08_10/201808101202-916683-27158.mp3
39799,/project/graziul/data/Zone8/2018_08_10/201808101301-540691-27158.mp3
40028,/project/graziul/data/Zone8/2018_08_10/201808101331-564141-27158.mp3
40234,/project/graziul/data/Zone8/2018_08_10/201808101401-953546-27158.mp3
40414,/project/graziul/data/Zone8/2018_08_10/201808101431-575857-27158.mp3
40647,/project/graziul/data/Zone8/2018_08_10/201808100703-744014-27158.mp3
40770,/project/graziul/data/Zone8/2018_08_10/201808100135-343055-27158.mp3
41046,/project/graziul/data/Zone8/2018_08_10/201808101600-780991-27158.mp3
41387,/project/graziul/data/Zone8/2018_08_10/201808100035-674555-27158.mp3
41628,/project/graziul/data/Zone8/2018_08_10/201808101630-701374-27158.mp3
41946,/project/graziul/data/Zone8/2018_08_10/201808100733-109750-27158.mp3
42226,/project/graziul/data/Zone8/2018_08_10/201808101530-775185-27158.mp3
42483,/project/graziul/data/Zone8/2018_08_10/201808100903-700637-27158.mp3
42810,/project/graziul/data/Zone8/2018_08_10/201808100833-891008-27158.mp3
42840,/project/graziul/data/Zone8/2018_08_10/201808100006-791129-27158.mp3
43019,/project/graziul/data/Zone8/2018_08_10/201808101501-666697-27158.mp3
43583,/project/graziul/data/Zone8/2018_08_10/201808100803-750353-27158.mp3
43807,/project/graziul/data/Zone8/2018_08_10/201808100105-556221-27158.mp3
